id	firstname	lastname	email	password_hash	phone	created_at	update_at
1	Javonte	Jakubowski	trey62@example.net	38515893c796660bb1307410f6aed138988b97d1	89676723604	2021-08-31 13:05:15	2021-08-31 13:05:15
2	Aurelia	Ratke	rrolfson@example.org	84f259f5415b6f0cd20c6d4aff1a4868ac3ff0ae	89339101296	2021-08-31 13:05:15	2021-08-31 13:05:15
3	Jacey	Fritsch	stone96@example.com	b9fd1bbdc3f7caccb0923003ea81acdab2b59610	89802518644	2021-08-31 13:05:15	2021-08-31 13:05:15
4	Whitney	Jerde	jonathon.feil@example.com	06292d6942f52879745960fcf6b1f1074875e53a	89397268208	2021-08-31 13:05:15	2021-08-31 13:05:15
5	Axel	Lynch	ckuhic@example.org	e3e4d5c8e9c84cd665be208849c4e066ae2f8849	89585747656	2021-08-31 13:05:15	2021-08-31 13:05:15
6	Karlee	Kunde	syost@example.org	46b15aca372c290f92cc7bd49a842b2cede3e1f8	89125986482	2021-08-31 13:05:15	2021-08-31 13:05:15
7	Ryann	Prosacco	malvina.toy@example.net	856f6b5f9c993da0c5048e83570de7dccf6c188a	89334895548	2021-08-31 13:05:15	2021-08-31 13:05:15
8	Ona	Schumm	adelia91@example.com	6cba3682da29e775f84f14c16d6fc511248a5b7d	89838377175	2021-08-31 13:05:15	2021-08-31 13:05:15
9	Kennith	Gaylord	alphonso71@example.com	62ed6ae488aa4374d644cd571e3ae7d95959ce3d	89777246849	2021-08-31 13:05:15	2021-08-31 13:05:15
10	Alexandre	Rowe	esipes@example.net	06e3c0a3e879a95c24452691d4f323f62756e367	89230775666	2021-08-31 13:05:15	2021-08-31 13:05:15
11	Laurie	Green	mnicolas@example.net	27581f7eb9026f5405a80656aa9fda6650b1217e	89532268940	2021-08-31 13:05:15	2021-08-31 13:05:15
12	Rahsaan	Schowalter	gerhold.savanah@example.net	4db9fabc3c5aa912a50679ce56faa11363576595	89858737516	2021-08-31 13:05:15	2021-08-31 13:05:15
13	David	Carter	anderson.shields@example.net	1e6e57306457b0762d6dd682675965e47cf2e389	89591339172	2021-08-31 13:05:15	2021-08-31 13:05:15
14	Lea	Hilpert	mccullough.jed@example.net	283f4cd28dccd8c1c800a6e0809f70ec199f64e2	89893980394	2021-08-31 13:05:15	2021-08-31 13:05:15
15	Christ	Reilly	kautzer.citlalli@example.com	ee346d5764c08594ed468720535f4e443cdf3f50	89893222707	2021-08-31 13:05:15	2021-08-31 13:05:15
16	Madge	Conroy	joanie.predovic@example.org	3b1134c5476816eaae31793b562c26b0b2922744	89663964178	2021-08-31 13:05:15	2021-08-31 13:05:15
17	Luisa	Weber	gerda.o'keefe@example.net	9bfe5c91a849f638194e4e098a14f4a96dcee0dd	89781923197	2021-08-31 13:05:15	2021-08-31 13:05:15
18	Rubye	Upton	ray48@example.com	5b3a18db69cda93cab0032a4e46e9584d5614cbc	89999819313	2021-08-31 13:05:15	2021-08-31 13:05:15
19	Mikayla	Cole	jessica73@example.com	798671cbdd6b2303dbcbaaf1a9159b82a5f7ded3	89030626823	2021-08-31 13:05:15	2021-08-31 13:05:15
20	Roberto	Zemlak	ukuvalis@example.net	bdb3af73709058338dce533807ef764604574541	89180780906	2021-08-31 13:05:15	2021-08-31 13:05:15
21	Greg	Bergnaum	erich.huel@example.net	dbc0606e3efad92981fb5ca77ba15c4e99efd653	89860009653	2021-08-31 13:05:15	2021-08-31 13:05:15
22	Tre	Dietrich	kreiger.leonardo@example.org	affecc268415c888c75e78defe486504cba12b47	89515031636	2021-08-31 13:05:15	2021-08-31 13:05:15
23	Demond	O'Kon	lbatz@example.org	daa5dbafafa8c8a124ff39581cd1f9dc4d70f548	89825129827	2021-08-31 13:05:15	2021-08-31 13:05:15
24	Domingo	Hamill	ledner.margarita@example.com	ecee1c7aadc98e47d38c2327466a97ad3d8b4ce2	89042489124	2021-08-31 13:05:15	2021-08-31 13:05:15
25	Neoma	Heller	earl.west@example.com	76ed0e24879e9d83bcc46c49666349c143f4f25d	89177468128	2021-08-31 13:05:15	2021-08-31 13:05:15
26	Amira	Dickinson	hackett.lilyan@example.org	b9d1e49f80e46b948ebd5b18403ca75153ac4fed	89543527874	2021-08-31 13:05:15	2021-08-31 13:05:15
27	Vernie	Grant	lester.cruickshank@example.org	3d4eef6e5959e7e70f18f47fb1e6ac66fe8bd253	89007883705	2021-08-31 13:05:15	2021-08-31 13:05:15
28	Kamren	Hirthe	althea.weissnat@example.com	efeb33e5d8cdebfb3278f7d7bd8f764beede5d2e	89244967005	2021-08-31 13:05:15	2021-08-31 13:05:15
29	Eda	Willms	uroberts@example.com	ac6eea182135f13f6abcf8d3c628936a7331274c	89293757837	2021-08-31 13:05:15	2021-08-31 13:05:15
30	Nasir	Pagac	gerald83@example.com	4677f46308e83e474944abd4b2404c0116590d1f	89515742422	2021-08-31 13:05:15	2021-08-31 13:05:15
31	Norval	Cole	casandra95@example.com	dcfe028d15fde69502b6a932b31a4cfc113feaaf	89036251911	2021-08-31 13:05:15	2021-08-31 13:05:15
32	Madelyn	Braun	casper.dora@example.com	2e1a294c05bf6d1ae90500de74dcf207274ca00a	89399036620	2021-08-31 13:05:15	2021-08-31 13:05:15
33	Athena	Mosciski	reynolds.jordy@example.org	3a842ce535ec4ce9676de2fd640279587b287ea5	89294944357	2021-08-31 13:05:15	2021-08-31 13:05:15
34	Dereck	Huels	lucile30@example.net	db3761119258ccce3e504bdaf960f1f262bcebe5	89578698268	2021-08-31 13:05:15	2021-08-31 13:05:15
35	Abigale	Olson	renee37@example.com	5689ae75cb2b0f7ad78450ecfdf646897cb67a34	89157331522	2021-08-31 13:05:15	2021-08-31 13:05:15
36	Tomasa	Stamm	qzemlak@example.org	77ffb6b16bdc302ffa66a69d94fd7c450f989102	89017977872	2021-08-31 13:05:15	2021-08-31 13:05:15
37	Kellie	Runolfsdottir	roxanne.sauer@example.net	242907d936f4c5143f77279eaaab758921e1cc5e	89926375160	2021-08-31 13:05:15	2021-08-31 13:05:15
38	Olen	Wilkinson	pcrona@example.org	898afed2efa3a8275190001f3468fb4aafb00b5a	89158496677	2021-08-31 13:05:15	2021-08-31 13:05:15
39	Kirsten	Lynch	cgoldner@example.org	c47d9079158c06f3aa06b0e9404666a0d13a88d2	89414676042	2021-08-31 13:05:15	2021-08-31 13:05:15
40	Michelle	Ziemann	vernice23@example.com	fde12a3dc51f6acef01ba740d59bffec381fd770	89088088720	2021-08-31 13:05:15	2021-08-31 13:05:15
41	Cordelia	Ullrich	white.nathanael@example.net	77608ddfcab03c0774030012ec94db48f16b26b0	89703823075	2021-08-31 13:05:15	2021-08-31 13:05:15
42	Ashtyn	McLaughlin	camille20@example.net	2ead95beae75fec3aa8ef08f659a48c50e4e8dbd	89045213827	2021-08-31 13:05:15	2021-08-31 13:05:15
43	Carleton	Lubowitz	wilkinson.christop@example.com	56e2d3eb3e808511f1ac1794ffe49bd28a540de2	89037076887	2021-08-31 13:05:15	2021-08-31 13:05:15
44	Chadrick	Hessel	fankunding@example.net	4d27d98190c5ad39089ab9d035d1627450cfca31	89184990198	2021-08-31 13:05:15	2021-08-31 13:05:15
45	Haylie	Barton	vwisoky@example.com	9416e36aca7d3e73a4842128254a92bc8acfee9f	89448234011	2021-08-31 13:05:15	2021-08-31 13:05:15
46	Eliseo	Reynolds	meta39@example.org	86e445acce6e73b2b01109ea321c05b649b28f34	89497380132	2021-08-31 13:05:15	2021-08-31 13:05:15
47	Kaley	Romaguera	laurie75@example.org	801fbd878742950cc4381fd78d0921f7b7672276	89121488565	2021-08-31 13:05:15	2021-08-31 13:05:15
48	Murl	Blanda	wyman.harmony@example.net	a611dced3ba7626ee3e3239db25f94c96bc15834	89088113936	2021-08-31 13:05:15	2021-08-31 13:05:15
49	Janiya	Bechtelar	kunde.vanessa@example.org	6c702925a024f0f0082835046bcc51152cc444e9	89534322138	2021-08-31 13:05:15	2021-08-31 13:05:15
50	Amanda	Paucek	mack.barton@example.net	60bd6e709a1d201830f34ca2ea5f9e9368d314d1	89474496959	2021-08-31 13:05:15	2021-08-31 13:05:15
51	Americo	Harber	art.farrell@example.org	4f12d24214f83b7dc5d5fe4e437ffed2829ae34a	89660227020	2021-08-31 13:05:15	2021-08-31 13:05:15
52	Jakob	Rippin	darryl.schumm@example.net	33554d2a0afb2b59663440779df7a07f536f524f	89222637834	2021-08-31 13:05:15	2021-08-31 13:05:15
53	Morgan	Skiles	dahlia.mckenzie@example.net	6c4460aa6b37b346a979c8bc711f1ae8f4ccc8ea	89588291103	2021-08-31 13:05:15	2021-08-31 13:05:15
54	Ryan	Cartwright	nhand@example.net	70d35382a8a80d433bc886f93902f50c52f7a4b6	89470457376	2021-08-31 13:05:15	2021-08-31 13:05:15
55	Roxanne	Fadel	oharvey@example.org	8b2dc2c8ad9953d5bdc4c88b53d1f286338dac6d	89434623115	2021-08-31 13:05:15	2021-08-31 13:05:15
56	Kaley	Kuvalis	domenica.hermiston@example.com	bcdfa0d60748ec15df445f72e7f7248f35749a15	89670416070	2021-08-31 13:05:15	2021-08-31 13:05:15
57	Odessa	Gaylord	glenna14@example.com	ba4191064524c023c4a3c81d5773e27493cd6484	89954789807	2021-08-31 13:05:15	2021-08-31 13:05:15
58	Elmira	Corwin	caleb71@example.com	5544d41f250b1f43a168638bd5467c69151107d2	89844434067	2021-08-31 13:05:15	2021-08-31 13:05:15
59	Marlen	Mitchell	fauer@example.com	7ce1da5d7a5ebcb4d19dcd6e85796b089b107850	89059033568	2021-08-31 13:05:15	2021-08-31 13:05:15
60	Daniela	King	bella.tillman@example.org	5e94b4faf6383ed7abc0968ae8481cc2172c2cf2	89087303831	2021-08-31 13:05:15	2021-08-31 13:05:15
61	Maya	Nader	laurel05@example.com	ff898771ae3c8655b33b7075131725d5a5178d28	89615086610	2021-08-31 13:05:15	2021-08-31 13:05:15
62	Aiden	Volkman	ewell.dicki@example.com	f378fb50bda6ae21d1f9ad6d719d6f64440bd29f	89523698394	2021-08-31 13:05:15	2021-08-31 13:05:15
63	Rowland	Barton	tparisian@example.org	78a93e8a0c5a31c7dab47b14026987850c0decff	89163302927	2021-08-31 13:05:15	2021-08-31 13:05:15
64	Gonzalo	Windler	smurray@example.com	a0c2817be9214de5dcfea52f28853a6d153c8e77	89158416167	2021-08-31 13:05:15	2021-08-31 13:05:15
65	Antonina	Keeling	bridgette63@example.com	9b4bbd003f71707fe3c4f09627c288822a907f67	89025506534	2021-08-31 13:05:15	2021-08-31 13:05:15
66	Kennith	Hodkiewicz	yasmin09@example.org	86d2e4d90eea297be16ba784b35e04a1c9303c68	89578507662	2021-08-31 13:05:15	2021-08-31 13:05:15
67	Kaden	Blick	bradly49@example.com	101b7db38f15f4fb1a71244e915bbc1228ecc942	89725233191	2021-08-31 13:05:15	2021-08-31 13:05:15
68	Holden	Ernser	alysa02@example.com	fc577de6a3e45cee2de1cb00fd1e2729e88691de	89350595414	2021-08-31 13:05:15	2021-08-31 13:05:15
69	Trevor	Dach	camilla43@example.net	a4dbd80111035a2d357a69c43925042bdd87ca46	89933731942	2021-08-31 13:05:15	2021-08-31 13:05:15
70	Blake	Herzog	yasmine.langosh@example.com	ae574ac4e072c874db4d263411bf22f74f2ff3e4	89860814732	2021-08-31 13:05:15	2021-08-31 13:05:15
71	Dana	Purdy	sibyl.jones@example.org	b9239a34f068fe5ad025157981f7f49eab73c9a0	89304496043	2021-08-31 13:05:15	2021-08-31 13:05:15
72	Constance	Lowe	genoveva13@example.com	c5a4eba0d00b0739b9641aa0a8e5b7bcea601cdc	89557079817	2021-08-31 13:05:15	2021-08-31 13:05:15
73	Gerry	Zboncak	imani.harris@example.net	bb8c4247bb82c81c3b7221afb930fd342946d287	89653479394	2021-08-31 13:05:15	2021-08-31 13:05:15
74	Torrey	Bruen	xrenner@example.org	d32f82f4b95d3ea5c6d9d6b61f641811025ac6b2	89300261353	2021-08-31 13:05:15	2021-08-31 13:05:15
75	Herman	Langworth	marina29@example.org	2d4e637ccad99f05886385ec512ef97d7159d49e	89328879661	2021-08-31 13:05:15	2021-08-31 13:05:15
76	Neva	Rice	stella.klocko@example.net	ac68c230a0b7a591bbf1963aa2d71611d90122c4	89661529438	2021-08-31 13:05:15	2021-08-31 13:05:15
77	Betty	Lindgren	ward.darien@example.org	8e729c6532530698b9498c17e2aaf1e237004512	89274583887	2021-08-31 13:05:15	2021-08-31 13:05:15
78	Nico	Feest	devin.barton@example.net	db9be81c4491d66bc28b0e74ca1b3fcdeab6f160	89333150687	2021-08-31 13:05:15	2021-08-31 13:05:15
79	Meggie	Leffler	gerhard.rosenbaum@example.net	404efc3acacfbfdd3801ec505244eaaf67224de1	89099491255	2021-08-31 13:05:15	2021-08-31 13:05:15
80	Kiarra	Rolfson	kuhn.adolfo@example.org	07d669170647ce6e56834815db315d588a71f78c	89849580237	2021-08-31 13:05:15	2021-08-31 13:05:15
81	Corine	Waelchi	jakubowski.elinor@example.net	6fca7bb974b33d4f3126726ab523d58923480b43	89464128455	2021-08-31 13:05:15	2021-08-31 13:05:15
82	Carlo	Jones	qwalter@example.org	cf053b2ec0946773bf7ae6faffa383762cacbd83	89509940367	2021-08-31 13:05:15	2021-08-31 13:05:15
83	Vernie	Dickinson	dmertz@example.net	7cff6b4cb59b3fa15ee4f88a46e896386e5c8690	89582316586	2021-08-31 13:05:15	2021-08-31 13:05:15
84	Carmine	Marquardt	joannie.kiehn@example.org	d864a0afbf40bcc9f62e0dc2b867713a7ee41fc9	89578599995	2021-08-31 13:05:15	2021-08-31 13:05:15
85	Jayden	Daugherty	schumm.francisca@example.net	8197bf598fbb64e5ae2d55408b7ff1fb80820222	89809662235	2021-08-31 13:05:15	2021-08-31 13:05:15
86	Marian	Spinka	kub.enid@example.net	bec7b5518fd14093c37a9afc238df2f29a114f54	89701254341	2021-08-31 13:05:15	2021-08-31 13:05:15
87	Liliana	Champlin	wolf.ulices@example.com	a32161b361f905badcc40ac883d6987133de31a8	89503908637	2021-08-31 13:05:15	2021-08-31 13:05:15
88	Roma	Leannon	xpagac@example.net	89dbf37fb199092e40abd3c166f8adc969123000	89554527987	2021-08-31 13:05:15	2021-08-31 13:05:15
89	Vinnie	McGlynn	schultz.eloy@example.org	16771155ba14c0888fe79cc2e1f3025fff8a5fd8	89499905270	2021-08-31 13:05:15	2021-08-31 13:05:15
90	Adolphus	Padberg	albert.ferry@example.net	41fe30750095a62c421c94915b28cd50868fd189	89576801195	2021-08-31 13:05:15	2021-08-31 13:05:15
91	America	Reynolds	dhayes@example.org	0e0f654eedfa4f320f1f82075de1ea404240949f	89918158617	2021-08-31 13:05:15	2021-08-31 13:05:15
92	Caden	Hilll	maud.larson@example.net	69962bbee3d8b53922362a5c5bd77bc2fd48ccc3	89674474256	2021-08-31 13:05:15	2021-08-31 13:05:15
93	Helena	Schmeler	swalter@example.org	82c436539a451ae5f5a9d82b093a68ee845a376d	89323330805	2021-08-31 13:05:15	2021-08-31 13:05:15
94	Karine	Kirlin	hharvey@example.com	cc0805ff3af1491b84a61aa4cfcabd7ef5cfb87e	89683984050	2021-08-31 13:05:15	2021-08-31 13:05:15
95	Jerel	Zboncak	zulauf.augustine@example.com	8a2573c23e9b8519d843f6e210edd1c0e493ada3	89068293846	2021-08-31 13:05:15	2021-08-31 13:05:15
96	Grant	Morissette	jones.elliot@example.net	2d3bc518ff9c7fd631919d0f9a96b3ad4c1689cf	89904599874	2021-08-31 13:05:15	2021-08-31 13:05:15
97	Erna	Gorczany	jaren62@example.net	d92533d9244d68c638b8ead8a9013ce32a861ee3	89586541634	2021-08-31 13:05:15	2021-08-31 13:05:15
98	Mose	Mosciski	xschoen@example.org	5bf6d2b5e202fa2f1b675f0acac5993dfd283e5e	89995405044	2021-08-31 13:05:15	2021-08-31 13:05:15
99	Jamel	Satterfield	jgoldner@example.org	c5bc0c9b4b6870daf4a906c515cccaf6a3efac55	89653294243	2021-08-31 13:05:15	2021-08-31 13:05:15
100	Karl	Stamm	august.fadel@example.net	f508a5614a340d6e272ac94b5073953cc6aae1cb	89797107048	2021-08-31 13:05:15	2021-08-31 13:05:15
101	NULL	NULL	NULL	NULL	NULL	2021-08-31 13:05:15	2021-08-31 13:05:15
